event,edition,location,dates,in_window,attendance,top_defi_themes,headline_speakers,raw_file
EthCC[8],8th,"Cannes, France","2025-06-30 to 2025-07-03",yes,~6.5k (10k week),"Stablecoins as infrastructure; Institutional onchain finance; Aave V4 hub-and-spoke; RWA Summit; DeFAI","Vitalik Buterin; Stani Kulechov; Sergey Nazarov; Vlad Tenev; SG-Forge",conf_ethcc8.json
Permissionless IV,IV (Blockworks),"Brooklyn, NY, USA","2025-06-24 to 2025-06-26",yes,~5k,"DeFi Renaissance; Aave V4 Horizon (permissioned RWA); Stablecoins first PMF; Prediction markets; DAT companies","Hayden Adams; Stani Kulechov; Sreeram Kannan; Samara Cohen (BlackRock); Tarek Mansour",conf_permissionless.json
DappCon (Berlin Blockchain Week),6th,"Berlin, Germany","2025-06-16 to 2025-06-18",yes,~900,"Capital efficiency; Balancer V3/ReCLAMM; Aave V4 routing; Regulated stablecoins (Monerium)","Stani Kulechov; Vitalik Buterin; Joseph Lubin; Martin Köppelmann",conf_bbw_dappcon25.json
Korea Blockchain Week (KBW2025: IMPACT),2025,"Seoul, South Korea","2025-09-22 to 2025-09-28",yes,~12-13k,"Stablecoins (KRW); RWAfi; Digital Asset Treasuries; AI x DeFi; US+Korea policy","Justin Sun; Charles Hoskinson; Jeff Yan (Hyperliquid); Arthur Hayes; Lily Liu",conf_kbw25.json
Mainnet 2025 (Messari),4th,"New York, USA","2025-09-30 to 2025-10-02",yes,~3k (2024 benchmark),"DeFi headline track; RWAs; yield-bearing stablecoins; restaking repricing; institutional adoption","Not publicly itemized for 2025 (low confidence)",conf_mainnet25.json
TOKEN2049 Singapore,2025,"Singapore","2025-10-01 to 2025-10-02",yes,~25k (record),"Stablecoins (>$45T volume); RWA mainstream; institutional DeFi; perp DEXs; DATs","Paolo Ardoino; Jeff Yan; Kain Warwick; Jesse Pollak; Arthur Hayes; Donald Trump Jr.",conf_t2049_sg.json
Money20/20 USA,2025,"Las Vegas, USA","2025-10-26 to 2025-10-29",yes,~11k,"Stablecoins as payment rails (>$27T); TradFi x digital-asset convergence; tokenization; GENIUS Act tailwinds","Michael Saylor; Circle; J.P. Morgan Kinexys; Mastercard; Western Union (USDPT)",conf_money2020_25.json
Cosmoverse 2025,5th,"Split, Croatia","2025-10-30 to 2025-11-01",yes,n/a,"Stablecoins (Visa pilot); Digital Euro/CBDCs; RWA tokenization; sovereign infra/IBC","ECB & Croatian National Bank advisors; Visa; Cosmos Labs; Fetch.ai",conf_cosmoverse25.json
Chainlink SmartCon 2025,2025,"New York, USA","2025-11-04 to 2025-11-05",yes,~1.7k,"TradFi-DeFi 'AllFi'; RWA tokenization (UBS); CCIP cross-chain settlement (DvP); perp economy; compliance (ACE)","Sergey Nazarov; Stani Kulechov; Swift CIO; UBS; JPMorgan Kinexys; VanEck",conf_smartcon25.json
Cardano Summit 2025,2025,"Berlin, Germany","2025-11-12 to 2025-11-13",yes,~800 (25k online),"Stablecoins (institutional); DeFi liquidity (2026 roadmap); RWA tokenization; regulated stablecoins (Brale)","Charles Hoskinson; Frederik Gregaard; Mastercard; Crypto.com; EMURGO; Tim Draper",conf_cardano_summit25.json
Devconnect Argentina,2025,"Buenos Aires, Argentina","2025-11-17 to 2025-11-22",yes,~14k,"Stablecoins as consumer front-end; consumer DeFi (Aave App); on-chain credit; DeFi Security Summit; DeFAI","Vitalik Buterin; Stani Kulechov; Danny Ryan; Merlin Égalité (Morpho); Mike Silagadze",conf_devconnect_ba.json
Solana Breakpoint 2025,2025,"Abu Dhabi, UAE","2025-12-11 to 2025-12-13",yes,~7k,"Yield-bearing stablecoins (JupUSD); institutional on-chain capital markets; RWA >$2B; Jupiter Lend $1B/8d; Phoenix Perps","Anatoly Yakovenko; Jeremy Allaire (Circle); Multicoin; Ellipsis Labs; Paxos",conf_breakpoint25.json
Consensus (Hong Kong + Miami),2026,"Hong Kong / Miami, USA","2026-02-10 to 2026-02-12 & 2026-05-05 to 2026-05-07",yes,~20k (Miami),"'Internet Capital Markets'; RWA engine (>$31B); Stablecoin University; agentic commerce (x402); Wall Street arrives","SEC Chair Paul Atkins; CFTC Chair Selig; BlackRock; Morgan Stanley; Ripple; Solana",conf_consensus.json
ETHDenver 2026,2026,"Denver, USA","2026-02-18 to 2026-02-21",yes,~25k (smaller),"'Less degen, more boardroom'; stablecoins as payment rails; RWA/RealFi; DeFi resilience; AI x DeFi","Vitalik Buterin; SEC Comm. Hester Peirce; White House (Patrick Witt); Jesse Pollak; Caitlin Long",conf_ethdenver26.json
Digital Asset Summit (DAS),London 2025 / NYC 2026,"London, UK / New York, USA","2025-10-13 to 2025-10-15 & 2026-03-24 to 2026-03-26",yes,~2.5k ($4.2T AUM),"Onchain institutional finance; RWA (BlackRock, JPMorgan settling onchain); stablecoins & payments; DeFi & risk management","SEC Chair Atkins; Fed Gov. Miran; BNY CEO; BlackRock; Morgan Stanley; Tether; Binance",conf_das.json
Hong Kong Web3 Festival 2026,4th,"Hong Kong","2026-04-20 to 2026-04-23",yes,~20k,"TradFi x crypto convergence; stablecoins & Web3 payments; compliant RWA; institutional digital wealth; AI x crypto","Vitalik Buterin; Yi He & Richard Teng (Binance); Lily Liu; BlackRock; Ondo; HK SFC",conf_hkw3_26.json
Paris Blockchain Week 2026,7th,"Paris, France","2026-04-15 to 2026-04-16",yes,~10k,"Stablecoins & 24/7 settlement; RWA 'trillion-dollar layer'; TradFi-DeFi convergence; MiCA/EU-vs-US regulation; tokenized IPO/equities","Pres. Emmanuel Macron; BlackRock; J.P. Morgan; Deutsche Bank; Circle; Amundi; 1inch",conf_pbw26.json
TOKEN2049 Dubai,2026 (4th),"Dubai, UAE","2026-04-29 to 2026-04-30",yes,~15k,"Stablecoins (~$250B); RWA tokenization; 'DeFi eating CeFi'; decentralized AI; capital discipline","CZ; Richard Teng; Paolo Ardoino; Jeremy Allaire; Arthur Hayes; Dan Morehead",conf_t2049_dubai.json
Stablecon EMEA 2026,EMEA,"Amsterdam, Netherlands","2026-05-19 to 2026-05-20",yes,~600,"TradFi-DeFi convergence; stablecoins as 'invisible infrastructure'; yield-bearing stablecoins; RWA collateral; emerging-market payments","Deutsche Bank; Visa; Citi; Mastercard; Ripple; Coinbase; Bank of Ghana",conf_stablecon25.json
Avalanche Summit London 2025,IV,"London, UK","2025-05-20 to 2025-05-22",no (adjacent),~1.5k,"Aave V4 unveil; institutional DeFi liquidity; scaling DeFi beyond billions; DeFi regulation (Owl Explains)","Emin Gün Sirer; Stani Kulechov; Anthony Scaramucci; Dragonfly",conf_avax_summit.json
Sui Basecamp,2025 (2026 unconfirmed),"Dubai 2025 / Singapore 2026?","2025-05-01 to 2025-05-02 (2026 unconfirmed)",no (adjacent),~2k (2025),"DeFi on Sui (DEX/lending); stablecoins (FDUSD, suiUSDe); BTCfi (Babylon); institutional adoption","Evan Cheng; NAVI Protocol; Babylon Labs; Raoul Pal",conf_sui_basecamp26.json
Others (catch-all),various,"Global","2025-06 to 2026-06",yes,varies,"Consensus Toronto; ETHGlobal; DeFi Security Summit; regional Web3 weeks; BTCFi; DeFi Renaissance","Cross-event (see raw file)",conf_others_catchall.json
